[
    {
        "icon_file": "icons_by_page/icons_page_1/icon_10.png",
        "matched_symbol_file": "vector_symbols/page_1/vector_symbol_1_91.png",
        "description": "Baxter Healthcare SA\nThurgauerstrasse 130\n8152 Glattpark (Opfikon)\nSwitzerland\nwww.baxter.com",
        "similarity": 0.8753769397735596
    },
    {
        "icon_file": "icons_by_page/icons_page_1/icon_10.png",
        "matched_symbol_file": "vector_symbols/page_1/vector_symbol_1_94.png",
        "description": "Baxter Healthcare SA\nThurgauerstrasse 130\n8152 Glattpark (Opfikon)\nSwitzerland\nwww.baxter.com",
        "similarity": 0.8849303126335144
    },
    {
        "icon_file": "icons_by_page/icons_page_1/icon_10.png",
        "matched_symbol_file": "vector_symbols/page_1/vector_symbol_1_97.png",
        "description": "Baxter Healthcare SA\nThurgauerstrasse 130\n8152 Glattpark (Opfikon)\nSwitzerland\nwww.baxter.com",
        "similarity": 0.8712179660797119
    },
    {
        "icon_file": "icons_by_page/icons_page_1/icon_10.png",
        "matched_symbol_file": "vector_symbols/page_1/vector_symbol_1_100.png",
        "description": "Baxter Healthcare SA\nThurgauerstrasse 130\n8152 Glattpark (Opfikon)\nSwitzerland\nwww.baxter.com",
        "similarity": 0.8787398338317871
    },
    {
        "icon_file": "icons_by_page/icons_page_1/icon_10.png",
        "matched_symbol_file": "vector_symbols/page_1/vector_symbol_1_103.png",
        "description": "Baxter Healthcare SA\nThurgauerstrasse 130\n8152 Glattpark (Opfikon)\nSwitzerland\nwww.baxter.com",
        "similarity": 0.882786214351654
    },
    {
        "icon_file": "icons_by_page/icons_page_1/icon_10.png",
        "matched_symbol_file": "vector_symbols/page_1/vector_symbol_1_106.png",
        "description": "Baxter Healthcare SA\nThurgauerstrasse 130\n8152 Glattpark (Opfikon)\nSwitzerland\nwww.baxter.com",
        "similarity": 0.8844271898269653
    },
    {
        "icon_file": "icons_by_page/icons_page_1/icon_10.png",
        "matched_symbol_file": "vector_symbols/page_1/vector_symbol_1_109.png",
        "description": "https://edocs.baxter.com\nhttps://edocs.baxter.com",
        "similarity": 0.8533086776733398
    },
    {
        "icon_file": "icons_by_page/icons_page_1/icon_10.png",
        "matched_symbol_file": "vector_symbols/page_2/vector_symbol_2_411.png",
        "description": "The device is not made with natural rubber latex\nDieses Produkt enth\u00e4lt keinen Naturlatex\nEl producto no est\u00e1 fabricado con l\u00e1tex \nde caucho natural\nLe dispositif est fabriqu\u00e9 sans latex naturel\nQuesto dispositivo non \u00e8 fabbricato con lattice di \ngomma naturale",
        "similarity": 0.8839581608772278
    },
    {
        "icon_file": "icons_by_page/icons_page_1/icon_10.png",
        "matched_symbol_file": "vector_symbols/page_2/vector_symbol_2_414.png",
        "description": "Contains less than 0.1% w/w DEHP\nEnth\u00e4lt weniger als 0,1\u00a0% w/w DEHP\nContiene menos de 0,1\u00a0% m/m de DEHP\nContient moins de 0,1\u00a0% p/p de DEHP.\nContiene meno dello 0,1% p/p DEHP\nBevat minder dan 0,1% w/w DEHP",
        "similarity": 0.854677677154541
    },
    {
        "icon_file": "icons_by_page/icons_page_1/icon_11.png",
        "matched_symbol_file": "vector_symbols/page_1/vector_symbol_1_75.png",
        "description": "Baxter Healthcare SA\nThurgauerstrasse 130\n8152 Glattpark (Opfikon)\nSwitzerland\nwww.baxter.com",
        "similarity": 0.9117662906646729
    },
    {
        "icon_file": "icons_by_page/icons_page_1/icon_11.png",
        "matched_symbol_file": "vector_symbols/page_1/vector_symbol_1_78.png",
        "description": "Baxter Healthcare SA\nThurgauerstrasse 130\n8152 Glattpark (Opfikon)\nSwitzerland\nwww.baxter.com",
        "similarity": 0.9035018682479858
    },
    {
        "icon_file": "icons_by_page/icons_page_1/icon_11.png",
        "matched_symbol_file": "vector_symbols/page_1/vector_symbol_1_81.png",
        "description": "Baxter Healthcare SA\nThurgauerstrasse 130\n8152 Glattpark (Opfikon)\nSwitzerland\nwww.baxter.com",
        "similarity": 0.9096786975860596
    },
    {
        "icon_file": "icons_by_page/icons_page_1/icon_11.png",
        "matched_symbol_file": "vector_symbols/page_1/vector_symbol_1_84.png",
        "description": "Baxter Healthcare SA\nThurgauerstrasse 130\n8152 Glattpark (Opfikon)\nSwitzerland\nwww.baxter.com",
        "similarity": 0.9088038206100464
    },
    {
        "icon_file": "icons_by_page/icons_page_1/icon_11.png",
        "matched_symbol_file": "vector_symbols/page_1/vector_symbol_1_87.png",
        "description": "Baxter Healthcare SA\nThurgauerstrasse 130\n8152 Glattpark (Opfikon)\nSwitzerland\nwww.baxter.com",
        "similarity": 0.9022040367126465
    },
    {
        "icon_file": "icons_by_page/icons_page_1/icon_11.png",
        "matched_symbol_file": "vector_symbols/page_1/vector_symbol_1_90.png",
        "description": "Baxter Healthcare SA\nThurgauerstrasse 130\n8152 Glattpark (Opfikon)\nSwitzerland\nwww.baxter.com",
        "similarity": 0.9019296765327454
    },
    {
        "icon_file": "icons_by_page/icons_page_1/icon_11.png",
        "matched_symbol_file": "vector_symbols/page_1/vector_symbol_1_183.png",
        "description": "Baxter Deutschland GmbH\nEdisonstrasse 4\n85716 Unterschleissheim\nGermany",
        "similarity": 0.8612747192382812
    },
    {
        "icon_file": "icons_by_page/icons_page_1/icon_11.png",
        "matched_symbol_file": "vector_symbols/page_1/vector_symbol_1_703.png",
        "description": "Baxter ist eine eingetragene Marke von Baxter International Inc.",
        "similarity": 0.8534345626831055
    },
    {
        "icon_file": "icons_by_page/icons_page_1/icon_11.png",
        "matched_symbol_file": "vector_symbols/page_2/vector_symbol_2_406.png",
        "description": "Medical device\nMedizinprodukt\nProducto sanitario\nDispositif m\u00e9dical\nDispositivo medico\nMedisch hulpmiddel",
        "similarity": 0.9092881083488464
    },
    {
        "icon_file": "icons_by_page/icons_page_1/icon_11.png",
        "matched_symbol_file": "vector_symbols/page_2/vector_symbol_2_407.png",
        "description": "Unique Device Identifier\nEindeutige Produktkennung\nIdentificador \u00fanico del producto\nIdentifiant unique du dispositif\nIdentificativo univoco del dispositivo\nUniek identificatiekenmerk van hulpmiddel",
        "similarity": 0.8791946172714233
    },
    {
        "icon_file": "icons_by_page/icons_page_1/icon_11.png",
        "matched_symbol_file": "vector_symbols/page_2/vector_symbol_2_464.png",
        "description": "MR-sicher \u2013 Von dem Produkt gehen keine bekannten \nGefahren infolge der Exposition gegen\u00fcber einer MR-\nUmgebung aus.",
        "similarity": 0.8698234558105469
    },
    {
        "icon_file": "icons_by_page/icons_page_1/icon_12.png",
        "matched_symbol_file": "vector_symbols/page_1/vector_symbol_1_42.png",
        "description": "Baxter ist eine eingetragene Marke von Baxter International Inc.",
        "similarity": 0.9017089605331421
    },
    {
        "icon_file": "icons_by_page/icons_page_1/icon_12.png",
        "matched_symbol_file": "vector_symbols/page_2/vector_symbol_2_403.png",
        "description": "Do Not Resterilize\nNicht erneut sterilisieren\nNo reesterilizar\nNe pas rest\u00e9riliser\nNon risterilizzare\nNiet opnieuw steriliseren",
        "similarity": 0.9006621837615967
    },
    {
        "icon_file": "icons_by_page/icons_page_1/icon_13.png",
        "matched_symbol_file": "vector_symbols/page_1/vector_symbol_1_31.png",
        "description": "Baxter ist eine eingetragene Marke von Baxter International Inc.",
        "similarity": 0.9288434982299805
    },
    {
        "icon_file": "icons_by_page/icons_page_1/icon_13.png",
        "matched_symbol_file": "vector_symbols/page_1/vector_symbol_1_661.png",
        "description": "(1) Schutzkappe, (2) Stechdorn\nUngef\u00e4hre L\u00e4nge: 19 cm",
        "similarity": 0.8960633873939514
    },
    {
        "icon_file": "icons_by_page/icons_page_1/icon_13.png",
        "matched_symbol_file": "vector_symbols/page_1/vector_symbol_1_664.png",
        "description": "(1) Tap\u00f3n protector (2) Punz\u00f3n\nLongitud aproximada: 19\u00a0cm",
        "similarity": 0.8823114633560181
    },
    {
        "icon_file": "icons_by_page/icons_page_1/icon_13.png",
        "matched_symbol_file": "vector_symbols/page_1/vector_symbol_1_673.png",
        "description": "(1) Beschermdop (2) Spike\nLengte bij benadering: 19 cm",
        "similarity": 0.858065128326416
    },
    {
        "icon_file": "icons_by_page/icons_page_1/icon_13.png",
        "matched_symbol_file": "vector_symbols/page_1/vector_symbol_1_676.png",
        "description": "(1) Beschermdop (2) Spike\nLengte bij benadering: 19 cm",
        "similarity": 0.8733171224594116
    },
    {
        "icon_file": "icons_by_page/icons_page_1/icon_13.png",
        "matched_symbol_file": "vector_symbols/page_2/vector_symbol_2_368.png",
        "description": "Gebrauchsanweisung beachten.\nEine elektronische Gebrauchsanweisung steht unter \nder angegebenen Internetadresse zur Verf\u00fcgung.",
        "similarity": 0.8937200307846069
    },
    {
        "icon_file": "icons_by_page/icons_page_1/icon_13.png",
        "matched_symbol_file": "vector_symbols/page_2/vector_symbol_2_371.png",
        "description": "Consulte las instrucciones de uso.\nLas instrucciones electr\u00f3nicas de uso est\u00e1n \ndisponibles en la direcci\u00f3n del sitio web indicada.",
        "similarity": 0.8906450271606445
    },
    {
        "icon_file": "icons_by_page/icons_page_1/icon_13.png",
        "matched_symbol_file": "vector_symbols/page_2/vector_symbol_2_374.png",
        "description": "Consulter la notice d\u2019utilisation.\nLa notice d\u2019utilisation en version \u00e9lectronique est \ndisponible \u00e0 l\u2019adresse Internet indiqu\u00e9e.",
        "similarity": 0.8859784007072449
    },
    {
        "icon_file": "icons_by_page/icons_page_1/icon_13.png",
        "matched_symbol_file": "vector_symbols/page_2/vector_symbol_2_377.png",
        "description": "Consultare le istruzioni per l'uso.\nLe Istruzioni per l'uso in formato elettronico sono \ndisponibili all'indirizzo del sito Web indicato.",
        "similarity": 0.8768619894981384
    },
    {
        "icon_file": "icons_by_page/icons_page_1/icon_13.png",
        "matched_symbol_file": "vector_symbols/page_2/vector_symbol_2_380.png",
        "description": "Raadpleeg de instructies voor gebruik.\nGa voor een elektronische versie van de \ngebruiksaanwijzing naar de vermelde website.",
        "similarity": 0.8620883822441101
    },
    {
        "icon_file": "icons_by_page/icons_page_1/icon_13.png",
        "matched_symbol_file": "vector_symbols/page_2/vector_symbol_2_397.png",
        "description": "Do Not Reuse\nNicht wiederverwenden\nNo reutilizar\nNe pas r\u00e9utiliser\nNon riutilizzare\nNiet hergebruiken",
        "similarity": 0.9247782826423645
    },
    {
        "icon_file": "icons_by_page/icons_page_1/icon_14.png",
        "matched_symbol_file": "vector_symbols/page_1/vector_symbol_1_25.png",
        "description": "Baxter ist eine eingetragene Marke von Baxter International Inc.",
        "similarity": 0.9176644086837769
    },
    {
        "icon_file": "icons_by_page/icons_page_1/icon_14.png",
        "matched_symbol_file": "vector_symbols/page_1/vector_symbol_1_31.png",
        "description": "Baxter ist eine eingetragene Marke von Baxter International Inc.",
        "similarity": 0.8728069067001343
    },
    {
        "icon_file": "icons_by_page/icons_page_1/icon_14.png",
        "matched_symbol_file": "vector_symbols/page_1/vector_symbol_1_661.png",
        "description": "(1) Schutzkappe, (2) Stechdorn\nUngef\u00e4hre L\u00e4nge: 19 cm",
        "similarity": 0.8654390573501587
    },
    {
        "icon_file": "icons_by_page/icons_page_1/icon_14.png",
        "matched_symbol_file": "vector_symbols/page_1/vector_symbol_1_664.png",
        "description": "(1) Tap\u00f3n protector (2) Punz\u00f3n\nLongitud aproximada: 19\u00a0cm",
        "similarity": 0.8693521022796631
    },
    {
        "icon_file": "icons_by_page/icons_page_1/icon_14.png",
        "matched_symbol_file": "vector_symbols/page_1/vector_symbol_1_673.png",
        "description": "(1) Beschermdop (2) Spike\nLengte bij benadering: 19 cm",
        "similarity": 0.8526148796081543
    },
    {
        "icon_file": "icons_by_page/icons_page_1/icon_14.png",
        "matched_symbol_file": "vector_symbols/page_1/vector_symbol_1_676.png",
        "description": "(1) Beschermdop (2) Spike\nLengte bij benadering: 19 cm",
        "similarity": 0.8671004772186279
    },
    {
        "icon_file": "icons_by_page/icons_page_1/icon_14.png",
        "matched_symbol_file": "vector_symbols/page_2/vector_symbol_2_368.png",
        "description": "Gebrauchsanweisung beachten.\nEine elektronische Gebrauchsanweisung steht unter \nder angegebenen Internetadresse zur Verf\u00fcgung.",
        "similarity": 0.8625730276107788
    },
    {
        "icon_file": "icons_by_page/icons_page_1/icon_14.png",
        "matched_symbol_file": "vector_symbols/page_2/vector_symbol_2_371.png",
        "description": "Consulte las instrucciones de uso.\nLas instrucciones electr\u00f3nicas de uso est\u00e1n \ndisponibles en la direcci\u00f3n del sitio web indicada.",
        "similarity": 0.8665170669555664
    },
    {
        "icon_file": "icons_by_page/icons_page_1/icon_14.png",
        "matched_symbol_file": "vector_symbols/page_2/vector_symbol_2_374.png",
        "description": "Consulter la notice d\u2019utilisation.\nLa notice d\u2019utilisation en version \u00e9lectronique est \ndisponible \u00e0 l\u2019adresse Internet indiqu\u00e9e.",
        "similarity": 0.8589102029800415
    },
    {
        "icon_file": "icons_by_page/icons_page_1/icon_14.png",
        "matched_symbol_file": "vector_symbols/page_2/vector_symbol_2_377.png",
        "description": "Consultare le istruzioni per l'uso.\nLe Istruzioni per l'uso in formato elettronico sono \ndisponibili all'indirizzo del sito Web indicato.",
        "similarity": 0.8622502088546753
    },
    {
        "icon_file": "icons_by_page/icons_page_1/icon_14.png",
        "matched_symbol_file": "vector_symbols/page_2/vector_symbol_2_380.png",
        "description": "Raadpleeg de instructies voor gebruik.\nGa voor een elektronische versie van de \ngebruiksaanwijzing naar de vermelde website.",
        "similarity": 0.852005660533905
    },
    {
        "icon_file": "icons_by_page/icons_page_1/icon_14.png",
        "matched_symbol_file": "vector_symbols/page_2/vector_symbol_2_396.png",
        "description": "Non utilizzare se la confezione \u00e8 danneggiata e \nconsultare le istruzioni \nper l'uso",
        "similarity": 0.9173498153686523
    },
    {
        "icon_file": "icons_by_page/icons_page_1/icon_14.png",
        "matched_symbol_file": "vector_symbols/page_2/vector_symbol_2_397.png",
        "description": "Do Not Reuse\nNicht wiederverwenden\nNo reutilizar\nNe pas r\u00e9utiliser\nNon riutilizzare\nNiet hergebruiken",
        "similarity": 0.8714024424552917
    },
    {
        "icon_file": "icons_by_page/icons_page_1/icon_15.png",
        "matched_symbol_file": "vector_symbols/page_1/vector_symbol_1_19.png",
        "description": "Baxter ist eine eingetragene Marke von Baxter International Inc.",
        "similarity": 0.855177104473114
    },
    {
        "icon_file": "icons_by_page/icons_page_1/icon_15.png",
        "matched_symbol_file": "vector_symbols/page_2/vector_symbol_2_395.png",
        "description": "Non-Pyrogenic\nPyrogenfrei\nApir\u00f3geno\nApyrog\u00e8ne\nApirogeno\nPyrogeenvrij",
        "similarity": 0.8610696792602539
    },
    {
        "icon_file": "icons_by_page/icons_page_1/icon_16.png",
        "matched_symbol_file": "vector_symbols/page_1/vector_symbol_1_661.png",
        "description": "(1) Schutzkappe, (2) Stechdorn\nUngef\u00e4hre L\u00e4nge: 19 cm",
        "similarity": 0.876121997833252
    },
    {
        "icon_file": "icons_by_page/icons_page_1/icon_16.png",
        "matched_symbol_file": "vector_symbols/page_1/vector_symbol_1_664.png",
        "description": "(1) Tap\u00f3n protector (2) Punz\u00f3n\nLongitud aproximada: 19\u00a0cm",
        "similarity": 0.8586468696594238
    },
    {
        "icon_file": "icons_by_page/icons_page_1/icon_16.png",
        "matched_symbol_file": "vector_symbols/page_1/vector_symbol_1_673.png",
        "description": "(1) Beschermdop (2) Spike\nLengte bij benadering: 19 cm",
        "similarity": 0.8501154184341431
    },
    {
        "icon_file": "icons_by_page/icons_page_1/icon_16.png",
        "matched_symbol_file": "vector_symbols/page_1/vector_symbol_1_676.png",
        "description": "(1) Beschermdop (2) Spike\nLengte bij benadering: 19 cm",
        "similarity": 0.8619697690010071
    },
    {
        "icon_file": "icons_by_page/icons_page_1/icon_16.png",
        "matched_symbol_file": "vector_symbols/page_2/vector_symbol_2_368.png",
        "description": "Gebrauchsanweisung beachten.\nEine elektronische Gebrauchsanweisung steht unter \nder angegebenen Internetadresse zur Verf\u00fcgung.",
        "similarity": 0.8742210268974304
    },
    {
        "icon_file": "icons_by_page/icons_page_1/icon_16.png",
        "matched_symbol_file": "vector_symbols/page_2/vector_symbol_2_371.png",
        "description": "Consulte las instrucciones de uso.\nLas instrucciones electr\u00f3nicas de uso est\u00e1n \ndisponibles en la direcci\u00f3n del sitio web indicada.",
        "similarity": 0.8584672212600708
    },
    {
        "icon_file": "icons_by_page/icons_page_1/icon_16.png",
        "matched_symbol_file": "vector_symbols/page_2/vector_symbol_2_374.png",
        "description": "Consulter la notice d\u2019utilisation.\nLa notice d\u2019utilisation en version \u00e9lectronique est \ndisponible \u00e0 l\u2019adresse Internet indiqu\u00e9e.",
        "similarity": 0.8604735136032104
    },
    {
        "icon_file": "icons_by_page/icons_page_1/icon_16.png",
        "matched_symbol_file": "vector_symbols/page_2/vector_symbol_2_377.png",
        "description": "Consultare le istruzioni per l'uso.\nLe Istruzioni per l'uso in formato elettronico sono \ndisponibili all'indirizzo del sito Web indicato.",
        "similarity": 0.8654096126556396
    },
    {
        "icon_file": "icons_by_page/icons_page_1/icon_16.png",
        "matched_symbol_file": "vector_symbols/page_2/vector_symbol_2_450.png",
        "description": "Sterilized with Ethylene Oxide Single Sterile Barrier \nSystem",
        "similarity": 0.9273088574409485
    },
    {
        "icon_file": "icons_by_page/icons_page_1/icon_17.png",
        "matched_symbol_file": "vector_symbols/page_1/vector_symbol_1_2.png",
        "description": "https://edocs.baxter.com",
        "similarity": 0.878887414932251
    },
    {
        "icon_file": "icons_by_page/icons_page_1/icon_17.png",
        "matched_symbol_file": "vector_symbols/page_1/vector_symbol_1_5.png",
        "description": "https://edocs.baxter.com\nhttps://edocs.baxter.com",
        "similarity": 0.8691362142562866
    },
    {
        "icon_file": "icons_by_page/icons_page_1/icon_17.png",
        "matched_symbol_file": "vector_symbols/page_1/vector_symbol_1_17.png",
        "description": "https://edocs.baxter.com\nhttps://edocs.baxter.com\nhttps://edocs.baxter.com",
        "similarity": 0.8730776309967041
    },
    {
        "icon_file": "icons_by_page/icons_page_1/icon_17.png",
        "matched_symbol_file": "vector_symbols/page_2/vector_symbol_2_387.png",
        "description": "Gebrauchsanweisung beachten.\nEine elektronische Gebrauchsanweisung steht unter \nder angegebenen Internetadresse zur Verf\u00fcgung.",
        "similarity": 0.8778907656669617
    },
    {
        "icon_file": "icons_by_page/icons_page_1/icon_19.png",
        "matched_symbol_file": "vector_symbols/page_1/vector_symbol_1_216.png",
        "description": "Baxter Deutschland GmbH\nEdisonstrasse 4\n85716 Unterschleissheim\nGermany",
        "similarity": 0.8685805797576904
    },
    {
        "icon_file": "icons_by_page/icons_page_1/icon_19.png",
        "matched_symbol_file": "vector_symbols/page_1/vector_symbol_1_234.png",
        "description": "Baxter Deutschland GmbH\nEdisonstrasse 4\n85716 Unterschleissheim\nGermany",
        "similarity": 0.8823615312576294
    },
    {
        "icon_file": "icons_by_page/icons_page_1/icon_19.png",
        "matched_symbol_file": "vector_symbols/page_1/vector_symbol_1_240.png",
        "description": "Baxter Deutschland GmbH\nEdisonstrasse 4\n85716 Unterschleissheim\nGermany",
        "similarity": 0.8544731736183167
    },
    {
        "icon_file": "icons_by_page/icons_page_1/icon_19.png",
        "matched_symbol_file": "vector_symbols/page_2/vector_symbol_2_394.png",
        "description": "Authorized representative in the European \nCommunity",
        "similarity": 0.8710280656814575
    },
    {
        "icon_file": "icons_by_page/icons_page_1/icon_2.png",
        "matched_symbol_file": "vector_symbols/page_1/vector_symbol_1_763.png",
        "description": "Baxter Deutschland GmbH\nEdisonstrasse 4\n85716 Unterschleissheim\nGermany",
        "similarity": 0.9186288118362427
    },
    {
        "icon_file": "icons_by_page/icons_page_1/icon_2.png",
        "matched_symbol_file": "vector_symbols/page_1/vector_symbol_1_766.png",
        "description": "Baxter Deutschland GmbH\nEdisonstrasse 4\n85716 Unterschleissheim\nGermany",
        "similarity": 0.9202713966369629
    },
    {
        "icon_file": "icons_by_page/icons_page_1/icon_2.png",
        "matched_symbol_file": "vector_symbols/page_1/vector_symbol_1_769.png",
        "description": "07-19-00-4306\nRev. 2024-10-08",
        "similarity": 0.9188912510871887
    },
    {
        "icon_file": "icons_by_page/icons_page_1/icon_2.png",
        "matched_symbol_file": "vector_symbols/page_1/vector_symbol_1_775.png",
        "description": "Baxter Deutschland GmbH\nEdisonstrasse 4\n85716 Unterschleissheim\nGermany",
        "similarity": 0.9204553365707397
    },
    {
        "icon_file": "icons_by_page/icons_page_1/icon_2.png",
        "matched_symbol_file": "vector_symbols/page_1/vector_symbol_1_778.png",
        "description": "Baxter Deutschland GmbH\nEdisonstrasse 4\n85716 Unterschleissheim\nGermany",
        "similarity": 0.9187264442443848
    },
    {
        "icon_file": "icons_by_page/icons_page_1/icon_2.png",
        "matched_symbol_file": "vector_symbols/page_2/vector_symbol_2_434.png",
        "description": "Made in Tunisia\nIn Tunesien hergestellt\nFabricado en T\u00fanez\nFabriqu\u00e9 en Tunisie\nProdotto in Tunisia\nGefabriceerd in Tunesi\u00eb",
        "similarity": 0.9089639186859131
    },
    {
        "icon_file": "icons_by_page/icons_page_1/icon_2.png",
        "matched_symbol_file": "vector_symbols/page_2/vector_symbol_2_437.png",
        "description": "Date of Manufacture\nHerstellungsdatum\nFecha de fabricaci\u00f3n\nDate de fabrication\nData di produzione\nDatum van fabricage",
        "similarity": 0.8596227169036865
    },
    {
        "icon_file": "icons_by_page/icons_page_1/icon_20.png",
        "matched_symbol_file": "vector_symbols/page_1/vector_symbol_1_199.png",
        "description": "Baxter Healthcare SA\nThurgauerstrasse 130\n8152 Glattpark (Opfikon)\nSwitzerland\nwww.baxter.com",
        "similarity": 0.9379088878631592
    },
    {
        "icon_file": "icons_by_page/icons_page_1/icon_20.png",
        "matched_symbol_file": "vector_symbols/page_1/vector_symbol_1_200.png",
        "description": "Baxter Deutschland GmbH\nEdisonstrasse 4\n85716 Unterschleissheim\nGermany",
        "similarity": 0.9446828961372375
    },
    {
        "icon_file": "icons_by_page/icons_page_1/icon_20.png",
        "matched_symbol_file": "vector_symbols/page_1/vector_symbol_1_201.png",
        "description": "Baxter Deutschland GmbH\nEdisonstrasse 4\n85716 Unterschleissheim\nGermany",
        "similarity": 0.9502848982810974
    },
    {
        "icon_file": "icons_by_page/icons_page_1/icon_20.png",
        "matched_symbol_file": "vector_symbols/page_1/vector_symbol_1_202.png",
        "description": "Baxter Deutschland GmbH\nEdisonstrasse 4\n85716 Unterschleissheim\nGermany",
        "similarity": 0.9488440752029419
    },
    {
        "icon_file": "icons_by_page/icons_page_1/icon_20.png",
        "matched_symbol_file": "vector_symbols/page_1/vector_symbol_1_203.png",
        "description": "Baxter Deutschland GmbH\nEdisonstrasse 4\n85716 Unterschleissheim\nGermany",
        "similarity": 0.9456612467765808
    },
    {
        "icon_file": "icons_by_page/icons_page_1/icon_20.png",
        "matched_symbol_file": "vector_symbols/page_1/vector_symbol_1_204.png",
        "description": "Baxter Deutschland GmbH\nEdisonstrasse 4\n85716 Unterschleissheim\nGermany",
        "similarity": 0.9396708011627197
    },
    {
        "icon_file": "icons_by_page/icons_page_1/icon_20.png",
        "matched_symbol_file": "vector_symbols/page_2/vector_symbol_2_438.png",
        "description": "Manufacturer\nHersteller\nFabricante\nFabricant\nProduttore\nFabrikant",
        "similarity": 0.9393540620803833
    },
    {
        "icon_file": "icons_by_page/icons_page_1/icon_21.png",
        "matched_symbol_file": "vector_symbols/page_1/vector_symbol_1_661.png",
        "description": "(1) Schutzkappe, (2) Stechdorn\nUngef\u00e4hre L\u00e4nge: 19 cm",
        "similarity": 0.926712155342102
    },
    {
        "icon_file": "icons_by_page/icons_page_1/icon_21.png",
        "matched_symbol_file": "vector_symbols/page_1/vector_symbol_1_664.png",
        "description": "(1) Tap\u00f3n protector (2) Punz\u00f3n\nLongitud aproximada: 19\u00a0cm",
        "similarity": 0.9079396724700928
    },
    {
        "icon_file": "icons_by_page/icons_page_1/icon_21.png",
        "matched_symbol_file": "vector_symbols/page_1/vector_symbol_1_673.png",
        "description": "(1) Beschermdop (2) Spike\nLengte bij benadering: 19 cm",
        "similarity": 0.8982911109924316
    },
    {
        "icon_file": "icons_by_page/icons_page_1/icon_21.png",
        "matched_symbol_file": "vector_symbols/page_1/vector_symbol_1_676.png",
        "description": "(1) Beschermdop (2) Spike\nLengte bij benadering: 19 cm",
        "similarity": 0.9158775210380554
    },
    {
        "icon_file": "icons_by_page/icons_page_1/icon_21.png",
        "matched_symbol_file": "vector_symbols/page_2/vector_symbol_2_368.png",
        "description": "Gebrauchsanweisung beachten.\nEine elektronische Gebrauchsanweisung steht unter \nder angegebenen Internetadresse zur Verf\u00fcgung.",
        "similarity": 0.9256656765937805
    },
    {
        "icon_file": "icons_by_page/icons_page_1/icon_21.png",
        "matched_symbol_file": "vector_symbols/page_2/vector_symbol_2_371.png",
        "description": "Consulte las instrucciones de uso.\nLas instrucciones electr\u00f3nicas de uso est\u00e1n \ndisponibles en la direcci\u00f3n del sitio web indicada.",
        "similarity": 0.9110997915267944
    },
    {
        "icon_file": "icons_by_page/icons_page_1/icon_21.png",
        "matched_symbol_file": "vector_symbols/page_2/vector_symbol_2_374.png",
        "description": "Consulter la notice d\u2019utilisation.\nLa notice d\u2019utilisation en version \u00e9lectronique est \ndisponible \u00e0 l\u2019adresse Internet indiqu\u00e9e.",
        "similarity": 0.888667106628418
    },
    {
        "icon_file": "icons_by_page/icons_page_1/icon_21.png",
        "matched_symbol_file": "vector_symbols/page_2/vector_symbol_2_377.png",
        "description": "Consultare le istruzioni per l'uso.\nLe Istruzioni per l'uso in formato elettronico sono \ndisponibili all'indirizzo del sito Web indicato.",
        "similarity": 0.9209242463111877
    },
    {
        "icon_file": "icons_by_page/icons_page_1/icon_21.png",
        "matched_symbol_file": "vector_symbols/page_2/vector_symbol_2_380.png",
        "description": "Raadpleeg de instructies voor gebruik.\nGa voor een elektronische versie van de \ngebruiksaanwijzing naar de vermelde website.",
        "similarity": 0.8963537216186523
    },
    {
        "icon_file": "icons_by_page/icons_page_1/icon_22.png",
        "matched_symbol_file": "vector_symbols/page_1/vector_symbol_1_661.png",
        "description": "(1) Schutzkappe, (2) Stechdorn\nUngef\u00e4hre L\u00e4nge: 19 cm",
        "similarity": 0.869371771812439
    },
    {
        "icon_file": "icons_by_page/icons_page_1/icon_22.png",
        "matched_symbol_file": "vector_symbols/page_1/vector_symbol_1_673.png",
        "description": "(1) Beschermdop (2) Spike\nLengte bij benadering: 19 cm",
        "similarity": 0.9327515363693237
    },
    {
        "icon_file": "icons_by_page/icons_page_1/icon_22.png",
        "matched_symbol_file": "vector_symbols/page_1/vector_symbol_1_676.png",
        "description": "(1) Beschermdop (2) Spike\nLengte bij benadering: 19 cm",
        "similarity": 0.9267804026603699
    },
    {
        "icon_file": "icons_by_page/icons_page_1/icon_22.png",
        "matched_symbol_file": "vector_symbols/page_2/vector_symbol_2_368.png",
        "description": "Gebrauchsanweisung beachten.\nEine elektronische Gebrauchsanweisung steht unter \nder angegebenen Internetadresse zur Verf\u00fcgung.",
        "similarity": 0.8663815259933472
    },
    {
        "icon_file": "icons_by_page/icons_page_1/icon_22.png",
        "matched_symbol_file": "vector_symbols/page_2/vector_symbol_2_377.png",
        "description": "Consultare le istruzioni per l'uso.\nLe Istruzioni per l'uso in formato elettronico sono \ndisponibili all'indirizzo del sito Web indicato.",
        "similarity": 0.9265486001968384
    },
    {
        "icon_file": "icons_by_page/icons_page_1/icon_22.png",
        "matched_symbol_file": "vector_symbols/page_2/vector_symbol_2_380.png",
        "description": "Raadpleeg de instructies voor gebruik.\nGa voor een elektronische versie van de \ngebruiksaanwijzing naar de vermelde website.",
        "similarity": 0.9388664960861206
    },
    {
        "icon_file": "icons_by_page/icons_page_1/icon_23.png",
        "matched_symbol_file": "vector_symbols/page_1/vector_symbol_1_31.png",
        "description": "Baxter ist eine eingetragene Marke von Baxter International Inc.",
        "similarity": 0.8558952808380127
    },
    {
        "icon_file": "icons_by_page/icons_page_1/icon_23.png",
        "matched_symbol_file": "vector_symbols/page_1/vector_symbol_1_661.png",
        "description": "(1) Schutzkappe, (2) Stechdorn\nUngef\u00e4hre L\u00e4nge: 19 cm",
        "similarity": 0.9007593393325806
    },
    {
        "icon_file": "icons_by_page/icons_page_1/icon_23.png",
        "matched_symbol_file": "vector_symbols/page_1/vector_symbol_1_664.png",
        "description": "(1) Tap\u00f3n protector (2) Punz\u00f3n\nLongitud aproximada: 19\u00a0cm",
        "similarity": 0.9043791890144348
    },
    {
        "icon_file": "icons_by_page/icons_page_1/icon_23.png",
        "matched_symbol_file": "vector_symbols/page_1/vector_symbol_1_676.png",
        "description": "(1) Beschermdop (2) Spike\nLengte bij benadering: 19 cm",
        "similarity": 0.8625651001930237
    },
    {
        "icon_file": "icons_by_page/icons_page_1/icon_23.png",
        "matched_symbol_file": "vector_symbols/page_2/vector_symbol_2_368.png",
        "description": "Gebrauchsanweisung beachten.\nEine elektronische Gebrauchsanweisung steht unter \nder angegebenen Internetadresse zur Verf\u00fcgung.",
        "similarity": 0.8950002193450928
    },
    {
        "icon_file": "icons_by_page/icons_page_1/icon_23.png",
        "matched_symbol_file": "vector_symbols/page_2/vector_symbol_2_371.png",
        "description": "Consulte las instrucciones de uso.\nLas instrucciones electr\u00f3nicas de uso est\u00e1n \ndisponibles en la direcci\u00f3n del sitio web indicada.",
        "similarity": 0.8995908498764038
    },
    {
        "icon_file": "icons_by_page/icons_page_1/icon_23.png",
        "matched_symbol_file": "vector_symbols/page_2/vector_symbol_2_374.png",
        "description": "Consulter la notice d\u2019utilisation.\nLa notice d\u2019utilisation en version \u00e9lectronique est \ndisponible \u00e0 l\u2019adresse Internet indiqu\u00e9e.",
        "similarity": 0.9242183566093445
    },
    {
        "icon_file": "icons_by_page/icons_page_1/icon_23.png",
        "matched_symbol_file": "vector_symbols/page_2/vector_symbol_2_377.png",
        "description": "Consultare le istruzioni per l'uso.\nLe Istruzioni per l'uso in formato elettronico sono \ndisponibili all'indirizzo del sito Web indicato.",
        "similarity": 0.8647807836532593
    },
    {
        "icon_file": "icons_by_page/icons_page_1/icon_23.png",
        "matched_symbol_file": "vector_symbols/page_2/vector_symbol_2_397.png",
        "description": "Do Not Reuse\nNicht wiederverwenden\nNo reutilizar\nNe pas r\u00e9utiliser\nNon riutilizzare\nNiet hergebruiken",
        "similarity": 0.850160539150238
    },
    {
        "icon_file": "icons_by_page/icons_page_1/icon_24.png",
        "matched_symbol_file": "vector_symbols/page_1/vector_symbol_1_661.png",
        "description": "(1) Schutzkappe, (2) Stechdorn\nUngef\u00e4hre L\u00e4nge: 19 cm",
        "similarity": 0.8969806432723999
    },
    {
        "icon_file": "icons_by_page/icons_page_1/icon_24.png",
        "matched_symbol_file": "vector_symbols/page_1/vector_symbol_1_664.png",
        "description": "(1) Tap\u00f3n protector (2) Punz\u00f3n\nLongitud aproximada: 19\u00a0cm",
        "similarity": 0.9146488904953003
    },
    {
        "icon_file": "icons_by_page/icons_page_1/icon_24.png",
        "matched_symbol_file": "vector_symbols/page_2/vector_symbol_2_368.png",
        "description": "Gebrauchsanweisung beachten.\nEine elektronische Gebrauchsanweisung steht unter \nder angegebenen Internetadresse zur Verf\u00fcgung.",
        "similarity": 0.8919438719749451
    },
    {
        "icon_file": "icons_by_page/icons_page_1/icon_24.png",
        "matched_symbol_file": "vector_symbols/page_2/vector_symbol_2_371.png",
        "description": "Consulte las instrucciones de uso.\nLas instrucciones electr\u00f3nicas de uso est\u00e1n \ndisponibles en la direcci\u00f3n del sitio web indicada.",
        "similarity": 0.9082016348838806
    },
    {
        "icon_file": "icons_by_page/icons_page_1/icon_24.png",
        "matched_symbol_file": "vector_symbols/page_2/vector_symbol_2_374.png",
        "description": "Consulter la notice d\u2019utilisation.\nLa notice d\u2019utilisation en version \u00e9lectronique est \ndisponible \u00e0 l\u2019adresse Internet indiqu\u00e9e.",
        "similarity": 0.9024009704589844
    },
    {
        "icon_file": "icons_by_page/icons_page_1/icon_25.png",
        "matched_symbol_file": "vector_symbols/page_1/vector_symbol_1_661.png",
        "description": "(1) Schutzkappe, (2) Stechdorn\nUngef\u00e4hre L\u00e4nge: 19 cm",
        "similarity": 0.9261335134506226
    },
    {
        "icon_file": "icons_by_page/icons_page_1/icon_25.png",
        "matched_symbol_file": "vector_symbols/page_1/vector_symbol_1_664.png",
        "description": "(1) Tap\u00f3n protector (2) Punz\u00f3n\nLongitud aproximada: 19\u00a0cm",
        "similarity": 0.9240221977233887
    },
    {
        "icon_file": "icons_by_page/icons_page_1/icon_25.png",
        "matched_symbol_file": "vector_symbols/page_1/vector_symbol_1_673.png",
        "description": "(1) Beschermdop (2) Spike\nLengte bij benadering: 19 cm",
        "similarity": 0.8519724011421204
    },
    {
        "icon_file": "icons_by_page/icons_page_1/icon_25.png",
        "matched_symbol_file": "vector_symbols/page_1/vector_symbol_1_676.png",
        "description": "(1) Beschermdop (2) Spike\nLengte bij benadering: 19 cm",
        "similarity": 0.8692538142204285
    },
    {
        "icon_file": "icons_by_page/icons_page_1/icon_25.png",
        "matched_symbol_file": "vector_symbols/page_2/vector_symbol_2_368.png",
        "description": "Gebrauchsanweisung beachten.\nEine elektronische Gebrauchsanweisung steht unter \nder angegebenen Internetadresse zur Verf\u00fcgung.",
        "similarity": 0.9221757054328918
    },
    {
        "icon_file": "icons_by_page/icons_page_1/icon_25.png",
        "matched_symbol_file": "vector_symbols/page_2/vector_symbol_2_371.png",
        "description": "Consulte las instrucciones de uso.\nLas instrucciones electr\u00f3nicas de uso est\u00e1n \ndisponibles en la direcci\u00f3n del sitio web indicada.",
        "similarity": 0.9224222898483276
    },
    {
        "icon_file": "icons_by_page/icons_page_1/icon_25.png",
        "matched_symbol_file": "vector_symbols/page_2/vector_symbol_2_374.png",
        "description": "Consulter la notice d\u2019utilisation.\nLa notice d\u2019utilisation en version \u00e9lectronique est \ndisponible \u00e0 l\u2019adresse Internet indiqu\u00e9e.",
        "similarity": 0.9245766997337341
    },
    {
        "icon_file": "icons_by_page/icons_page_1/icon_25.png",
        "matched_symbol_file": "vector_symbols/page_2/vector_symbol_2_377.png",
        "description": "Consultare le istruzioni per l'uso.\nLe Istruzioni per l'uso in formato elettronico sono \ndisponibili all'indirizzo del sito Web indicato.",
        "similarity": 0.8746058940887451
    },
    {
        "icon_file": "icons_by_page/icons_page_1/icon_25.png",
        "matched_symbol_file": "vector_symbols/page_2/vector_symbol_2_380.png",
        "description": "Raadpleeg de instructies voor gebruik.\nGa voor een elektronische versie van de \ngebruiksaanwijzing naar de vermelde website.",
        "similarity": 0.8502698540687561
    },
    {
        "icon_file": "icons_by_page/icons_page_1/icon_27.png",
        "matched_symbol_file": "vector_symbols/page_1/vector_symbol_1_74.png",
        "description": "https://edocs.baxter.com\nhttps://edocs.baxter.com",
        "similarity": 0.8503689169883728
    },
    {
        "icon_file": "icons_by_page/icons_page_1/icon_27.png",
        "matched_symbol_file": "vector_symbols/page_1/vector_symbol_1_80.png",
        "description": "Baxter Healthcare SA\nThurgauerstrasse 130\n8152 Glattpark (Opfikon)\nSwitzerland\nwww.baxter.com",
        "similarity": 0.8515305519104004
    },
    {
        "icon_file": "icons_by_page/icons_page_1/icon_27.png",
        "matched_symbol_file": "vector_symbols/page_1/vector_symbol_1_182.png",
        "description": "https://edocs.baxter.com\nhttps://edocs.baxter.com",
        "similarity": 0.8738707304000854
    },
    {
        "icon_file": "icons_by_page/icons_page_1/icon_27.png",
        "matched_symbol_file": "vector_symbols/page_1/vector_symbol_1_185.png",
        "description": "Baxter Healthcare SA\nThurgauerstrasse 130\n8152 Glattpark (Opfikon)\nSwitzerland\nwww.baxter.com",
        "similarity": 0.866960883140564
    },
    {
        "icon_file": "icons_by_page/icons_page_1/icon_27.png",
        "matched_symbol_file": "vector_symbols/page_1/vector_symbol_1_194.png",
        "description": "Baxter Healthcare SA\nThurgauerstrasse 130\n8152 Glattpark (Opfikon)\nSwitzerland\nwww.baxter.com",
        "similarity": 0.8738912343978882
    },
    {
        "icon_file": "icons_by_page/icons_page_1/icon_27.png",
        "matched_symbol_file": "vector_symbols/page_1/vector_symbol_1_197.png",
        "description": "Baxter Healthcare SA\nThurgauerstrasse 130\n8152 Glattpark (Opfikon)\nSwitzerland\nwww.baxter.com",
        "similarity": 0.8796427845954895
    },
    {
        "icon_file": "icons_by_page/icons_page_1/icon_27.png",
        "matched_symbol_file": "vector_symbols/page_2/vector_symbol_2_463.png",
        "description": "MR safe - Poses no known hazards resulting from\nexposure to any MR environment",
        "similarity": 0.8792730569839478
    },
    {
        "icon_file": "icons_by_page/icons_page_1/icon_3.png",
        "matched_symbol_file": "vector_symbols/page_1/vector_symbol_1_242.png",
        "description": "Baxter Deutschland GmbH\nEdisonstrasse 4\n85716 Unterschleissheim\nGermany",
        "similarity": 0.8539496660232544
    },
    {
        "icon_file": "icons_by_page/icons_page_1/icon_3.png",
        "matched_symbol_file": "vector_symbols/page_1/vector_symbol_1_248.png",
        "description": "Baxter Deutschland GmbH\nEdisonstrasse 4\n85716 Unterschleissheim\nGermany",
        "similarity": 0.8621962666511536
    },
    {
        "icon_file": "icons_by_page/icons_page_1/icon_3.png",
        "matched_symbol_file": "vector_symbols/page_1/vector_symbol_1_266.png",
        "description": "Baxter Deutschland GmbH\nEdisonstrasse 4\n85716 Unterschleissheim\nGermany",
        "similarity": 0.8557956218719482
    },
    {
        "icon_file": "icons_by_page/icons_page_1/icon_3.png",
        "matched_symbol_file": "vector_symbols/page_1/vector_symbol_1_272.png",
        "description": "Baxter Deutschland GmbH\nEdisonstrasse 4\n85716 Unterschleissheim\nGermany",
        "similarity": 0.8519670963287354
    },
    {
        "icon_file": "icons_by_page/icons_page_1/icon_30.png",
        "matched_symbol_file": "vector_symbols/page_1/vector_symbol_1_75.png",
        "description": "Baxter Healthcare SA\nThurgauerstrasse 130\n8152 Glattpark (Opfikon)\nSwitzerland\nwww.baxter.com",
        "similarity": 0.8644342422485352
    },
    {
        "icon_file": "icons_by_page/icons_page_1/icon_30.png",
        "matched_symbol_file": "vector_symbols/page_1/vector_symbol_1_78.png",
        "description": "Baxter Healthcare SA\nThurgauerstrasse 130\n8152 Glattpark (Opfikon)\nSwitzerland\nwww.baxter.com",
        "similarity": 0.8566932678222656
    },
    {
        "icon_file": "icons_by_page/icons_page_1/icon_30.png",
        "matched_symbol_file": "vector_symbols/page_1/vector_symbol_1_194.png",
        "description": "Baxter Healthcare SA\nThurgauerstrasse 130\n8152 Glattpark (Opfikon)\nSwitzerland\nwww.baxter.com",
        "similarity": 0.8526869416236877
    },
    {
        "icon_file": "icons_by_page/icons_page_1/icon_30.png",
        "matched_symbol_file": "vector_symbols/page_1/vector_symbol_1_197.png",
        "description": "Baxter Healthcare SA\nThurgauerstrasse 130\n8152 Glattpark (Opfikon)\nSwitzerland\nwww.baxter.com",
        "similarity": 0.8503105044364929
    },
    {
        "icon_file": "icons_by_page/icons_page_1/icon_30.png",
        "matched_symbol_file": "vector_symbols/page_2/vector_symbol_2_463.png",
        "description": "MR safe - Poses no known hazards resulting from\nexposure to any MR environment",
        "similarity": 0.8500334024429321
    },
    {
        "icon_file": "icons_by_page/icons_page_1/icon_32.png",
        "matched_symbol_file": "vector_symbols/page_1/vector_symbol_1_216.png",
        "description": "Baxter Deutschland GmbH\nEdisonstrasse 4\n85716 Unterschleissheim\nGermany",
        "similarity": 0.8519752025604248
    },
    {
        "icon_file": "icons_by_page/icons_page_1/icon_32.png",
        "matched_symbol_file": "vector_symbols/page_1/vector_symbol_1_234.png",
        "description": "Baxter Deutschland GmbH\nEdisonstrasse 4\n85716 Unterschleissheim\nGermany",
        "similarity": 0.8648052215576172
    },
    {
        "icon_file": "icons_by_page/icons_page_1/icon_32.png",
        "matched_symbol_file": "vector_symbols/page_1/vector_symbol_1_681.png",
        "description": "RMC4916\nRMC4916\nRMC4916",
        "similarity": 0.8832944631576538
    },
    {
        "icon_file": "icons_by_page/icons_page_1/icon_32.png",
        "matched_symbol_file": "vector_symbols/page_1/vector_symbol_1_685.png",
        "description": "(1) Schutzkappe, (2) Stechdorn\nUngef\u00e4hre L\u00e4nge: 19 cm",
        "similarity": 0.894207239151001
    },
    {
        "icon_file": "icons_by_page/icons_page_1/icon_32.png",
        "matched_symbol_file": "vector_symbols/page_1/vector_symbol_1_689.png",
        "description": "(1) Tap\u00f3n protector (2) Punz\u00f3n\nLongitud aproximada: 19\u00a0cm",
        "similarity": 0.8872263431549072
    },
    {
        "icon_file": "icons_by_page/icons_page_1/icon_32.png",
        "matched_symbol_file": "vector_symbols/page_1/vector_symbol_1_693.png",
        "description": "(1) Beschermdop (2) Spike\nLengte bij benadering: 19 cm",
        "similarity": 0.8859471678733826
    },
    {
        "icon_file": "icons_by_page/icons_page_1/icon_32.png",
        "matched_symbol_file": "vector_symbols/page_1/vector_symbol_1_697.png",
        "description": "(1) Cappuccio di protezione (2) Punta\nLunghezza approssimativa: 19 cm",
        "similarity": 0.891551673412323
    },
    {
        "icon_file": "icons_by_page/icons_page_1/icon_32.png",
        "matched_symbol_file": "vector_symbols/page_1/vector_symbol_1_701.png",
        "description": "RMC4916\nRMC4916\nRMC4916",
        "similarity": 0.884602427482605
    },
    {
        "icon_file": "icons_by_page/icons_page_1/icon_32.png",
        "matched_symbol_file": "vector_symbols/page_1/vector_symbol_1_703.png",
        "description": "Baxter ist eine eingetragene Marke von Baxter International Inc.",
        "similarity": 0.8596261143684387
    },
    {
        "icon_file": "icons_by_page/icons_page_1/icon_32.png",
        "matched_symbol_file": "vector_symbols/page_2/vector_symbol_2_394.png",
        "description": "Authorized representative in the European \nCommunity",
        "similarity": 0.8515450358390808
    },
    {
        "icon_file": "icons_by_page/icons_page_1/icon_32.png",
        "matched_symbol_file": "vector_symbols/page_2/vector_symbol_2_428.png",
        "description": "Catalogue number\nKatalognummer\nN\u00famero de cat\u00e1logo\nR\u00e9f\u00e9rence catalogue\nNumero di catalogo\nCatalogusnummer",
        "similarity": 0.8509091138839722
    },
    {
        "icon_file": "icons_by_page/icons_page_1/icon_4.png",
        "matched_symbol_file": "vector_symbols/page_1/vector_symbol_1_241.png",
        "description": "Baxter Deutschland GmbH\nEdisonstrasse 4\n85716 Unterschleissheim\nGermany",
        "similarity": 0.8644759654998779
    },
    {
        "icon_file": "icons_by_page/icons_page_1/icon_4.png",
        "matched_symbol_file": "vector_symbols/page_1/vector_symbol_1_242.png",
        "description": "Baxter Deutschland GmbH\nEdisonstrasse 4\n85716 Unterschleissheim\nGermany",
        "similarity": 0.8644380569458008
    },
    {
        "icon_file": "icons_by_page/icons_page_1/icon_4.png",
        "matched_symbol_file": "vector_symbols/page_1/vector_symbol_1_247.png",
        "description": "Baxter Deutschland GmbH\nEdisonstrasse 4\n85716 Unterschleissheim\nGermany",
        "similarity": 0.8650619983673096
    },
    {
        "icon_file": "icons_by_page/icons_page_1/icon_4.png",
        "matched_symbol_file": "vector_symbols/page_1/vector_symbol_1_248.png",
        "description": "Baxter Deutschland GmbH\nEdisonstrasse 4\n85716 Unterschleissheim\nGermany",
        "similarity": 0.8709155321121216
    },
    {
        "icon_file": "icons_by_page/icons_page_1/icon_4.png",
        "matched_symbol_file": "vector_symbols/page_1/vector_symbol_1_253.png",
        "description": "07-19-00-4306\nRev. 2024-10-08",
        "similarity": 0.8726269602775574
    },
    {
        "icon_file": "icons_by_page/icons_page_1/icon_4.png",
        "matched_symbol_file": "vector_symbols/page_1/vector_symbol_1_254.png",
        "description": "07-19-00-4306\nRev. 2024-10-08",
        "similarity": 0.8597122430801392
    },
    {
        "icon_file": "icons_by_page/icons_page_1/icon_4.png",
        "matched_symbol_file": "vector_symbols/page_1/vector_symbol_1_265.png",
        "description": "Baxter Deutschland GmbH\nEdisonstrasse 4\n85716 Unterschleissheim\nGermany",
        "similarity": 0.8668040037155151
    },
    {
        "icon_file": "icons_by_page/icons_page_1/icon_4.png",
        "matched_symbol_file": "vector_symbols/page_1/vector_symbol_1_266.png",
        "description": "Baxter Deutschland GmbH\nEdisonstrasse 4\n85716 Unterschleissheim\nGermany",
        "similarity": 0.8643697500228882
    },
    {
        "icon_file": "icons_by_page/icons_page_1/icon_4.png",
        "matched_symbol_file": "vector_symbols/page_1/vector_symbol_1_271.png",
        "description": "Baxter Deutschland GmbH\nEdisonstrasse 4\n85716 Unterschleissheim\nGermany",
        "similarity": 0.8582429885864258
    },
    {
        "icon_file": "icons_by_page/icons_page_1/icon_4.png",
        "matched_symbol_file": "vector_symbols/page_1/vector_symbol_1_272.png",
        "description": "Baxter Deutschland GmbH\nEdisonstrasse 4\n85716 Unterschleissheim\nGermany",
        "similarity": 0.862406849861145
    },
    {
        "icon_file": "icons_by_page/icons_page_1/icon_5.png",
        "matched_symbol_file": "vector_symbols/page_1/vector_symbol_1_703.png",
        "description": "Baxter ist eine eingetragene Marke von Baxter International Inc.",
        "similarity": 0.8674042820930481
    },
    {
        "icon_file": "icons_by_page/icons_page_1/icon_5.png",
        "matched_symbol_file": "vector_symbols/page_2/vector_symbol_2_440.png",
        "description": "Sterilized with Ethylene Oxide Single Sterile Barrier \nSystem",
        "similarity": 0.8642632961273193
    },
    {
        "icon_file": "icons_by_page/icons_page_1/icon_5.png",
        "matched_symbol_file": "vector_symbols/page_2/vector_symbol_2_451.png",
        "description": "Sterilized with Ethylene Oxide\nSterilisiert mit Ethylenoxid\nEsterilizado con \u00f3xido de etileno\nSt\u00e9rilis\u00e9 \u00e0 l\u2019oxyde d\u2019\u00e9thyl\u00e8ne\nSterilizzato con ossido di etilene\nGesteriliseerd met ethyleenoxide",
        "similarity": 0.8656120896339417
    },
    {
        "icon_file": "icons_by_page/icons_page_1/icon_6.png",
        "matched_symbol_file": "vector_symbols/page_1/vector_symbol_1_157.png",
        "description": "https://edocs.baxter.com\nhttps://edocs.baxter.com",
        "similarity": 0.8907455801963806
    },
    {
        "icon_file": "icons_by_page/icons_page_1/icon_6.png",
        "matched_symbol_file": "vector_symbols/page_1/vector_symbol_1_158.png",
        "description": "Baxter Deutschland GmbH\nEdisonstrasse 4\n85716 Unterschleissheim\nGermany",
        "similarity": 0.8901294469833374
    },
    {
        "icon_file": "icons_by_page/icons_page_1/icon_6.png",
        "matched_symbol_file": "vector_symbols/page_1/vector_symbol_1_159.png",
        "description": "Baxter Deutschland GmbH\nEdisonstrasse 4\n85716 Unterschleissheim\nGermany",
        "similarity": 0.8915019631385803
    },
    {
        "icon_file": "icons_by_page/icons_page_1/icon_6.png",
        "matched_symbol_file": "vector_symbols/page_1/vector_symbol_1_160.png",
        "description": "Baxter Deutschland GmbH\nEdisonstrasse 4\n85716 Unterschleissheim\nGermany",
        "similarity": 0.8941159248352051
    },
    {
        "icon_file": "icons_by_page/icons_page_1/icon_6.png",
        "matched_symbol_file": "vector_symbols/page_1/vector_symbol_1_161.png",
        "description": "Baxter Deutschland GmbH\nEdisonstrasse 4\n85716 Unterschleissheim\nGermany",
        "similarity": 0.8936029076576233
    },
    {
        "icon_file": "icons_by_page/icons_page_1/icon_6.png",
        "matched_symbol_file": "vector_symbols/page_1/vector_symbol_1_162.png",
        "description": "Baxter Deutschland GmbH\nEdisonstrasse 4\n85716 Unterschleissheim\nGermany",
        "similarity": 0.8934062719345093
    },
    {
        "icon_file": "icons_by_page/icons_page_1/icon_6.png",
        "matched_symbol_file": "vector_symbols/page_2/vector_symbol_2_422.png",
        "description": "Keep away from Sunlight\nVor Sonnenlicht sch\u00fctzen\nMantener alejado de la luz solar\nConserver \u00e0 l\u2019abri de la lumi\u00e8re du soleil\nTenere al riparo dalla luce del sole\nUit de buurt van zonlicht houden",
        "similarity": 0.8908710479736328
    },
    {
        "icon_file": "icons_by_page/icons_page_1/icon_7.png",
        "matched_symbol_file": "vector_symbols/page_1/vector_symbol_1_183.png",
        "description": "Baxter Deutschland GmbH\nEdisonstrasse 4\n85716 Unterschleissheim\nGermany",
        "similarity": 0.8717021942138672
    },
    {
        "icon_file": "icons_by_page/icons_page_1/icon_7.png",
        "matched_symbol_file": "vector_symbols/page_2/vector_symbol_2_464.png",
        "description": "MR-sicher \u2013 Von dem Produkt gehen keine bekannten \nGefahren infolge der Exposition gegen\u00fcber einer MR-\nUmgebung aus.",
        "similarity": 0.8808467984199524
    },
    {
        "icon_file": "icons_by_page/icons_page_1/icon_8.png",
        "matched_symbol_file": "vector_symbols/page_1/vector_symbol_1_151.png",
        "description": "https://edocs.baxter.com\nhttps://edocs.baxter.com",
        "similarity": 0.8933463096618652
    },
    {
        "icon_file": "icons_by_page/icons_page_1/icon_8.png",
        "matched_symbol_file": "vector_symbols/page_1/vector_symbol_1_152.png",
        "description": "Baxter Deutschland GmbH\nEdisonstrasse 4\n85716 Unterschleissheim\nGermany",
        "similarity": 0.8870483040809631
    },
    {
        "icon_file": "icons_by_page/icons_page_1/icon_8.png",
        "matched_symbol_file": "vector_symbols/page_1/vector_symbol_1_153.png",
        "description": "Baxter Deutschland GmbH\nEdisonstrasse 4\n85716 Unterschleissheim\nGermany",
        "similarity": 0.8936206102371216
    },
    {
        "icon_file": "icons_by_page/icons_page_1/icon_8.png",
        "matched_symbol_file": "vector_symbols/page_1/vector_symbol_1_154.png",
        "description": "Baxter Deutschland GmbH\nEdisonstrasse 4\n85716 Unterschleissheim\nGermany",
        "similarity": 0.8969448804855347
    },
    {
        "icon_file": "icons_by_page/icons_page_1/icon_8.png",
        "matched_symbol_file": "vector_symbols/page_1/vector_symbol_1_155.png",
        "description": "Baxter Deutschland GmbH\nEdisonstrasse 4\n85716 Unterschleissheim\nGermany",
        "similarity": 0.8893051743507385
    },
    {
        "icon_file": "icons_by_page/icons_page_1/icon_8.png",
        "matched_symbol_file": "vector_symbols/page_1/vector_symbol_1_156.png",
        "description": "Baxter Deutschland GmbH\nEdisonstrasse 4\n85716 Unterschleissheim\nGermany",
        "similarity": 0.8977457880973816
    },
    {
        "icon_file": "icons_by_page/icons_page_1/icon_8.png",
        "matched_symbol_file": "vector_symbols/page_2/vector_symbol_2_421.png",
        "description": "Keep dry\nVor N\u00e4sse sch\u00fctzen\nMantener seco\nConserver au sec\nTenere all'asciutto\nDroog houden",
        "similarity": 0.8936841487884521
    },
    {
        "icon_file": "icons_by_page/icons_page_1/icon_9.png",
        "matched_symbol_file": "vector_symbols/page_1/vector_symbol_1_109.png",
        "description": "https://edocs.baxter.com\nhttps://edocs.baxter.com",
        "similarity": 0.8826339840888977
    },
    {
        "icon_file": "icons_by_page/icons_page_1/icon_9.png",
        "matched_symbol_file": "vector_symbols/page_2/vector_symbol_2_414.png",
        "description": "Contains less than 0.1% w/w DEHP\nEnth\u00e4lt weniger als 0,1\u00a0% w/w DEHP\nContiene menos de 0,1\u00a0% m/m de DEHP\nContient moins de 0,1\u00a0% p/p de DEHP.\nContiene meno dello 0,1% p/p DEHP\nBevat minder dan 0,1% w/w DEHP",
        "similarity": 0.8815416097640991
    }
]