[
    {
        "image_file": "page_1/vector_symbol_1_2.png",
        "description": "https://edocs.baxter.com"
    },
    {
        "image_file": "page_1/vector_symbol_1_5.png",
        "description": "https://edocs.baxter.com\nhttps://edocs.baxter.com"
    },
    {
        "image_file": "page_1/vector_symbol_1_17.png",
        "description": "https://edocs.baxter.com\nhttps://edocs.baxter.com\nhttps://edocs.baxter.com"
    },
    {
        "image_file": "page_1/vector_symbol_1_19.png",
        "description": "Baxter ist eine eingetragene Marke von Baxter International Inc."
    },
    {
        "image_file": "page_1/vector_symbol_1_25.png",
        "description": "Baxter ist eine eingetragene Marke von Baxter International Inc."
    },
    {
        "image_file": "page_1/vector_symbol_1_31.png",
        "description": "Baxter ist eine eingetragene Marke von Baxter International Inc."
    },
    {
        "image_file": "page_1/vector_symbol_1_42.png",
        "description": "Baxter ist eine eingetragene Marke von Baxter International Inc."
    },
    {
        "image_file": "page_1/vector_symbol_1_73.png",
        "description": "https://edocs.baxter.com\nhttps://edocs.baxter.com"
    },
    {
        "image_file": "page_1/vector_symbol_1_74.png",
        "description": "https://edocs.baxter.com\nhttps://edocs.baxter.com"
    },
    {
        "image_file": "page_1/vector_symbol_1_75.png",
        "description": "Baxter Healthcare SA\nThurgauerstrasse 130\n8152 Glattpark (Opfikon)\nSwitzerland\nwww.baxter.com"
    },
    {
        "image_file": "page_1/vector_symbol_1_77.png",
        "description": "Baxter Healthcare SA\nThurgauerstrasse 130\n8152 Glattpark (Opfikon)\nSwitzerland\nwww.baxter.com"
    },
    {
        "image_file": "page_1/vector_symbol_1_78.png",
        "description": "Baxter Healthcare SA\nThurgauerstrasse 130\n8152 Glattpark (Opfikon)\nSwitzerland\nwww.baxter.com"
    },
    {
        "image_file": "page_1/vector_symbol_1_80.png",
        "description": "Baxter Healthcare SA\nThurgauerstrasse 130\n8152 Glattpark (Opfikon)\nSwitzerland\nwww.baxter.com"
    },
    {
        "image_file": "page_1/vector_symbol_1_81.png",
        "description": "Baxter Healthcare SA\nThurgauerstrasse 130\n8152 Glattpark (Opfikon)\nSwitzerland\nwww.baxter.com"
    },
    {
        "image_file": "page_1/vector_symbol_1_83.png",
        "description": "Baxter Healthcare SA\nThurgauerstrasse 130\n8152 Glattpark (Opfikon)\nSwitzerland\nwww.baxter.com"
    },
    {
        "image_file": "page_1/vector_symbol_1_84.png",
        "description": "Baxter Healthcare SA\nThurgauerstrasse 130\n8152 Glattpark (Opfikon)\nSwitzerland\nwww.baxter.com"
    },
    {
        "image_file": "page_1/vector_symbol_1_86.png",
        "description": "Baxter Healthcare SA\nThurgauerstrasse 130\n8152 Glattpark (Opfikon)\nSwitzerland\nwww.baxter.com"
    },
    {
        "image_file": "page_1/vector_symbol_1_87.png",
        "description": "Baxter Healthcare SA\nThurgauerstrasse 130\n8152 Glattpark (Opfikon)\nSwitzerland\nwww.baxter.com"
    },
    {
        "image_file": "page_1/vector_symbol_1_89.png",
        "description": "Baxter Healthcare SA\nThurgauerstrasse 130\n8152 Glattpark (Opfikon)\nSwitzerland\nwww.baxter.com"
    },
    {
        "image_file": "page_1/vector_symbol_1_90.png",
        "description": "Baxter Healthcare SA\nThurgauerstrasse 130\n8152 Glattpark (Opfikon)\nSwitzerland\nwww.baxter.com"
    },
    {
        "image_file": "page_1/vector_symbol_1_91.png",
        "description": "Baxter Healthcare SA\nThurgauerstrasse 130\n8152 Glattpark (Opfikon)\nSwitzerland\nwww.baxter.com"
    },
    {
        "image_file": "page_1/vector_symbol_1_94.png",
        "description": "Baxter Healthcare SA\nThurgauerstrasse 130\n8152 Glattpark (Opfikon)\nSwitzerland\nwww.baxter.com"
    },
    {
        "image_file": "page_1/vector_symbol_1_97.png",
        "description": "Baxter Healthcare SA\nThurgauerstrasse 130\n8152 Glattpark (Opfikon)\nSwitzerland\nwww.baxter.com"
    },
    {
        "image_file": "page_1/vector_symbol_1_100.png",
        "description": "Baxter Healthcare SA\nThurgauerstrasse 130\n8152 Glattpark (Opfikon)\nSwitzerland\nwww.baxter.com"
    },
    {
        "image_file": "page_1/vector_symbol_1_103.png",
        "description": "Baxter Healthcare SA\nThurgauerstrasse 130\n8152 Glattpark (Opfikon)\nSwitzerland\nwww.baxter.com"
    },
    {
        "image_file": "page_1/vector_symbol_1_106.png",
        "description": "Baxter Healthcare SA\nThurgauerstrasse 130\n8152 Glattpark (Opfikon)\nSwitzerland\nwww.baxter.com"
    },
    {
        "image_file": "page_1/vector_symbol_1_109.png",
        "description": "https://edocs.baxter.com\nhttps://edocs.baxter.com"
    },
    {
        "image_file": "page_1/vector_symbol_1_151.png",
        "description": "https://edocs.baxter.com\nhttps://edocs.baxter.com"
    },
    {
        "image_file": "page_1/vector_symbol_1_152.png",
        "description": "Baxter Deutschland GmbH\nEdisonstrasse 4\n85716 Unterschleissheim\nGermany"
    },
    {
        "image_file": "page_1/vector_symbol_1_153.png",
        "description": "Baxter Deutschland GmbH\nEdisonstrasse 4\n85716 Unterschleissheim\nGermany"
    },
    {
        "image_file": "page_1/vector_symbol_1_154.png",
        "description": "Baxter Deutschland GmbH\nEdisonstrasse 4\n85716 Unterschleissheim\nGermany"
    },
    {
        "image_file": "page_1/vector_symbol_1_155.png",
        "description": "Baxter Deutschland GmbH\nEdisonstrasse 4\n85716 Unterschleissheim\nGermany"
    },
    {
        "image_file": "page_1/vector_symbol_1_156.png",
        "description": "Baxter Deutschland GmbH\nEdisonstrasse 4\n85716 Unterschleissheim\nGermany"
    },
    {
        "image_file": "page_1/vector_symbol_1_157.png",
        "description": "https://edocs.baxter.com\nhttps://edocs.baxter.com"
    },
    {
        "image_file": "page_1/vector_symbol_1_158.png",
        "description": "Baxter Deutschland GmbH\nEdisonstrasse 4\n85716 Unterschleissheim\nGermany"
    },
    {
        "image_file": "page_1/vector_symbol_1_159.png",
        "description": "Baxter Deutschland GmbH\nEdisonstrasse 4\n85716 Unterschleissheim\nGermany"
    },
    {
        "image_file": "page_1/vector_symbol_1_160.png",
        "description": "Baxter Deutschland GmbH\nEdisonstrasse 4\n85716 Unterschleissheim\nGermany"
    },
    {
        "image_file": "page_1/vector_symbol_1_161.png",
        "description": "Baxter Deutschland GmbH\nEdisonstrasse 4\n85716 Unterschleissheim\nGermany"
    },
    {
        "image_file": "page_1/vector_symbol_1_162.png",
        "description": "Baxter Deutschland GmbH\nEdisonstrasse 4\n85716 Unterschleissheim\nGermany"
    },
    {
        "image_file": "page_1/vector_symbol_1_181.png",
        "description": "https://edocs.baxter.com\nhttps://edocs.baxter.com"
    },
    {
        "image_file": "page_1/vector_symbol_1_182.png",
        "description": "https://edocs.baxter.com\nhttps://edocs.baxter.com"
    },
    {
        "image_file": "page_1/vector_symbol_1_183.png",
        "description": "Baxter Deutschland GmbH\nEdisonstrasse 4\n85716 Unterschleissheim\nGermany"
    },
    {
        "image_file": "page_1/vector_symbol_1_184.png",
        "description": "Baxter Healthcare SA\nThurgauerstrasse 130\n8152 Glattpark (Opfikon)\nSwitzerland\nwww.baxter.com"
    },
    {
        "image_file": "page_1/vector_symbol_1_185.png",
        "description": "Baxter Healthcare SA\nThurgauerstrasse 130\n8152 Glattpark (Opfikon)\nSwitzerland\nwww.baxter.com"
    },
    {
        "image_file": "page_1/vector_symbol_1_193.png",
        "description": "Baxter Healthcare SA\nThurgauerstrasse 130\n8152 Glattpark (Opfikon)\nSwitzerland\nwww.baxter.com"
    },
    {
        "image_file": "page_1/vector_symbol_1_194.png",
        "description": "Baxter Healthcare SA\nThurgauerstrasse 130\n8152 Glattpark (Opfikon)\nSwitzerland\nwww.baxter.com"
    },
    {
        "image_file": "page_1/vector_symbol_1_196.png",
        "description": "Baxter Healthcare SA\nThurgauerstrasse 130\n8152 Glattpark (Opfikon)\nSwitzerland\nwww.baxter.com"
    },
    {
        "image_file": "page_1/vector_symbol_1_197.png",
        "description": "Baxter Healthcare SA\nThurgauerstrasse 130\n8152 Glattpark (Opfikon)\nSwitzerland\nwww.baxter.com"
    },
    {
        "image_file": "page_1/vector_symbol_1_199.png",
        "description": "Baxter Healthcare SA\nThurgauerstrasse 130\n8152 Glattpark (Opfikon)\nSwitzerland\nwww.baxter.com"
    },
    {
        "image_file": "page_1/vector_symbol_1_200.png",
        "description": "Baxter Deutschland GmbH\nEdisonstrasse 4\n85716 Unterschleissheim\nGermany"
    },
    {
        "image_file": "page_1/vector_symbol_1_201.png",
        "description": "Baxter Deutschland GmbH\nEdisonstrasse 4\n85716 Unterschleissheim\nGermany"
    },
    {
        "image_file": "page_1/vector_symbol_1_202.png",
        "description": "Baxter Deutschland GmbH\nEdisonstrasse 4\n85716 Unterschleissheim\nGermany"
    },
    {
        "image_file": "page_1/vector_symbol_1_203.png",
        "description": "Baxter Deutschland GmbH\nEdisonstrasse 4\n85716 Unterschleissheim\nGermany"
    },
    {
        "image_file": "page_1/vector_symbol_1_204.png",
        "description": "Baxter Deutschland GmbH\nEdisonstrasse 4\n85716 Unterschleissheim\nGermany"
    },
    {
        "image_file": "page_1/vector_symbol_1_210.png",
        "description": "Baxter Deutschland GmbH\nEdisonstrasse 4\n85716 Unterschleissheim\nGermany"
    },
    {
        "image_file": "page_1/vector_symbol_1_216.png",
        "description": "Baxter Deutschland GmbH\nEdisonstrasse 4\n85716 Unterschleissheim\nGermany"
    },
    {
        "image_file": "page_1/vector_symbol_1_222.png",
        "description": "Baxter Deutschland GmbH\nEdisonstrasse 4\n85716 Unterschleissheim\nGermany"
    },
    {
        "image_file": "page_1/vector_symbol_1_228.png",
        "description": "Baxter Deutschland GmbH\nEdisonstrasse 4\n85716 Unterschleissheim\nGermany"
    },
    {
        "image_file": "page_1/vector_symbol_1_234.png",
        "description": "Baxter Deutschland GmbH\nEdisonstrasse 4\n85716 Unterschleissheim\nGermany"
    },
    {
        "image_file": "page_1/vector_symbol_1_240.png",
        "description": "Baxter Deutschland GmbH\nEdisonstrasse 4\n85716 Unterschleissheim\nGermany"
    },
    {
        "image_file": "page_1/vector_symbol_1_241.png",
        "description": "Baxter Deutschland GmbH\nEdisonstrasse 4\n85716 Unterschleissheim\nGermany"
    },
    {
        "image_file": "page_1/vector_symbol_1_242.png",
        "description": "Baxter Deutschland GmbH\nEdisonstrasse 4\n85716 Unterschleissheim\nGermany"
    },
    {
        "image_file": "page_1/vector_symbol_1_247.png",
        "description": "Baxter Deutschland GmbH\nEdisonstrasse 4\n85716 Unterschleissheim\nGermany"
    },
    {
        "image_file": "page_1/vector_symbol_1_248.png",
        "description": "Baxter Deutschland GmbH\nEdisonstrasse 4\n85716 Unterschleissheim\nGermany"
    },
    {
        "image_file": "page_1/vector_symbol_1_253.png",
        "description": "07-19-00-4306\nRev. 2024-10-08"
    },
    {
        "image_file": "page_1/vector_symbol_1_254.png",
        "description": "07-19-00-4306\nRev. 2024-10-08"
    },
    {
        "image_file": "page_1/vector_symbol_1_265.png",
        "description": "Baxter Deutschland GmbH\nEdisonstrasse 4\n85716 Unterschleissheim\nGermany"
    },
    {
        "image_file": "page_1/vector_symbol_1_266.png",
        "description": "Baxter Deutschland GmbH\nEdisonstrasse 4\n85716 Unterschleissheim\nGermany"
    },
    {
        "image_file": "page_1/vector_symbol_1_271.png",
        "description": "Baxter Deutschland GmbH\nEdisonstrasse 4\n85716 Unterschleissheim\nGermany"
    },
    {
        "image_file": "page_1/vector_symbol_1_272.png",
        "description": "Baxter Deutschland GmbH\nEdisonstrasse 4\n85716 Unterschleissheim\nGermany"
    },
    {
        "image_file": "page_1/vector_symbol_1_661.png",
        "description": "(1) Schutzkappe, (2) Stechdorn\nUngefähre Länge: 19 cm"
    },
    {
        "image_file": "page_1/vector_symbol_1_664.png",
        "description": "(1) Tapón protector (2) Punzón\nLongitud aproximada: 19 cm"
    },
    {
        "image_file": "page_1/vector_symbol_1_673.png",
        "description": "(1) Beschermdop (2) Spike\nLengte bij benadering: 19 cm"
    },
    {
        "image_file": "page_1/vector_symbol_1_676.png",
        "description": "(1) Beschermdop (2) Spike\nLengte bij benadering: 19 cm"
    },
    {
        "image_file": "page_1/vector_symbol_1_681.png",
        "description": "RMC4916\nRMC4916\nRMC4916"
    },
    {
        "image_file": "page_1/vector_symbol_1_685.png",
        "description": "(1) Schutzkappe, (2) Stechdorn\nUngefähre Länge: 19 cm"
    },
    {
        "image_file": "page_1/vector_symbol_1_689.png",
        "description": "(1) Tapón protector (2) Punzón\nLongitud aproximada: 19 cm"
    },
    {
        "image_file": "page_1/vector_symbol_1_693.png",
        "description": "(1) Beschermdop (2) Spike\nLengte bij benadering: 19 cm"
    },
    {
        "image_file": "page_1/vector_symbol_1_697.png",
        "description": "(1) Cappuccio di protezione (2) Punta\nLunghezza approssimativa: 19 cm"
    },
    {
        "image_file": "page_1/vector_symbol_1_701.png",
        "description": "RMC4916\nRMC4916\nRMC4916"
    },
    {
        "image_file": "page_1/vector_symbol_1_703.png",
        "description": "Baxter ist eine eingetragene Marke von Baxter International Inc."
    },
    {
        "image_file": "page_1/vector_symbol_1_763.png",
        "description": "Baxter Deutschland GmbH\nEdisonstrasse 4\n85716 Unterschleissheim\nGermany"
    },
    {
        "image_file": "page_1/vector_symbol_1_766.png",
        "description": "Baxter Deutschland GmbH\nEdisonstrasse 4\n85716 Unterschleissheim\nGermany"
    },
    {
        "image_file": "page_1/vector_symbol_1_769.png",
        "description": "07-19-00-4306\nRev. 2024-10-08"
    },
    {
        "image_file": "page_1/vector_symbol_1_775.png",
        "description": "Baxter Deutschland GmbH\nEdisonstrasse 4\n85716 Unterschleissheim\nGermany"
    },
    {
        "image_file": "page_1/vector_symbol_1_778.png",
        "description": "Baxter Deutschland GmbH\nEdisonstrasse 4\n85716 Unterschleissheim\nGermany"
    },
    {
        "image_file": "page_1/vector_symbol_1_814.png",
        "description": "RMC4916\nRMC4916\nRMC4916"
    },
    {
        "image_file": "page_1/vector_symbol_1_819.png",
        "description": "Irrigation jet\nSpülset\nEquipo de irrigación"
    },
    {
        "image_file": "page_1/vector_symbol_1_821.png",
        "description": "(1) Tapón protector (2) Punzón\nLongitud aproximada: 19 cm"
    },
    {
        "image_file": "page_1/vector_symbol_1_826.png",
        "description": "(1) Schutzkappe, (2) Stechdorn\nUngefähre Länge: 19 cm"
    },
    {
        "image_file": "page_1/vector_symbol_1_833.png",
        "description": "(1) Tapón protector (2) Punzón\nLongitud aproximada: 19 cm"
    },
    {
        "image_file": "page_1/vector_symbol_1_840.png",
        "description": "(1) Beschermdop (2) Spike\nLengte bij benadering: 19 cm"
    },
    {
        "image_file": "page_1/vector_symbol_1_842.png",
        "description": "(1) Beschermdop (2) Spike\nLengte bij benadering: 19 cm"
    },
    {
        "image_file": "page_1/vector_symbol_1_847.png",
        "description": "(1) Cappuccio di protezione (2) Punta\nLunghezza approssimativa: 19 cm"
    },
    {
        "image_file": "page_1/vector_symbol_1_849.png",
        "description": "RMC4916\nRMC4916\nRMC4916"
    },
    {
        "image_file": "page_1/vector_symbol_1_854.png",
        "description": "Irrigatieset\nSet per irrigazione\nNécessaire pour irrigation"
    },
    {
        "image_file": "page_2/vector_symbol_2_368.png",
        "description": "Gebrauchsanweisung beachten.\nEine elektronische Gebrauchsanweisung steht unter \nder angegebenen Internetadresse zur Verfügung."
    },
    {
        "image_file": "page_2/vector_symbol_2_371.png",
        "description": "Consulte las instrucciones de uso.\nLas instrucciones electrónicas de uso están \ndisponibles en la dirección del sitio web indicada."
    },
    {
        "image_file": "page_2/vector_symbol_2_374.png",
        "description": "Consulter la notice d’utilisation.\nLa notice d’utilisation en version électronique est \ndisponible à l’adresse Internet indiquée."
    },
    {
        "image_file": "page_2/vector_symbol_2_377.png",
        "description": "Consultare le istruzioni per l'uso.\nLe Istruzioni per l'uso in formato elettronico sono \ndisponibili all'indirizzo del sito Web indicato."
    },
    {
        "image_file": "page_2/vector_symbol_2_380.png",
        "description": "Raadpleeg de instructies voor gebruik.\nGa voor een elektronische versie van de \ngebruiksaanwijzing naar de vermelde website."
    },
    {
        "image_file": "page_2/vector_symbol_2_387.png",
        "description": "Gebrauchsanweisung beachten.\nEine elektronische Gebrauchsanweisung steht unter \nder angegebenen Internetadresse zur Verfügung."
    },
    {
        "image_file": "page_2/vector_symbol_2_394.png",
        "description": "Authorized representative in the European \nCommunity"
    },
    {
        "image_file": "page_2/vector_symbol_2_395.png",
        "description": "Non-Pyrogenic\nPyrogenfrei\nApirógeno\nApyrogène\nApirogeno\nPyrogeenvrij"
    },
    {
        "image_file": "page_2/vector_symbol_2_396.png",
        "description": "Non utilizzare se la confezione è danneggiata e \nconsultare le istruzioni \nper l'uso"
    },
    {
        "image_file": "page_2/vector_symbol_2_397.png",
        "description": "Do Not Reuse\nNicht wiederverwenden\nNo reutilizar\nNe pas réutiliser\nNon riutilizzare\nNiet hergebruiken"
    },
    {
        "image_file": "page_2/vector_symbol_2_403.png",
        "description": "Do Not Resterilize\nNicht erneut sterilisieren\nNo reesterilizar\nNe pas restériliser\nNon risterilizzare\nNiet opnieuw steriliseren"
    },
    {
        "image_file": "page_2/vector_symbol_2_404.png",
        "description": "Medical device\nMedizinprodukt\nProducto sanitario\nDispositif médical\nDispositivo medico\nMedisch hulpmiddel"
    },
    {
        "image_file": "page_2/vector_symbol_2_405.png",
        "description": "Medical device\nMedizinprodukt\nProducto sanitario\nDispositif médical\nDispositivo medico\nMedisch hulpmiddel"
    },
    {
        "image_file": "page_2/vector_symbol_2_406.png",
        "description": "Medical device\nMedizinprodukt\nProducto sanitario\nDispositif médical\nDispositivo medico\nMedisch hulpmiddel"
    },
    {
        "image_file": "page_2/vector_symbol_2_407.png",
        "description": "Unique Device Identifier\nEindeutige Produktkennung\nIdentificador único del producto\nIdentifiant unique du dispositif\nIdentificativo univoco del dispositivo\nUniek identificatiekenmerk van hulpmiddel"
    },
    {
        "image_file": "page_2/vector_symbol_2_408.png",
        "description": "Unique Device Identifier\nEindeutige Produktkennung\nIdentificador único del producto\nIdentifiant unique du dispositif\nIdentificativo univoco del dispositivo\nUniek identificatiekenmerk van hulpmiddel"
    },
    {
        "image_file": "page_2/vector_symbol_2_409.png",
        "description": "Unique Device Identifier\nEindeutige Produktkennung\nIdentificador único del producto\nIdentifiant unique du dispositif\nIdentificativo univoco del dispositivo\nUniek identificatiekenmerk van hulpmiddel"
    },
    {
        "image_file": "page_2/vector_symbol_2_411.png",
        "description": "The device is not made with natural rubber latex\nDieses Produkt enthält keinen Naturlatex\nEl producto no está fabricado con látex \nde caucho natural\nLe dispositif est fabriqué sans latex naturel\nQuesto dispositivo non è fabbricato con lattice di \ngomma naturale"
    },
    {
        "image_file": "page_2/vector_symbol_2_414.png",
        "description": "Contains less than 0.1% w/w DEHP\nEnthält weniger als 0,1 % w/w DEHP\nContiene menos de 0,1 % m/m de DEHP\nContient moins de 0,1 % p/p de DEHP.\nContiene meno dello 0,1% p/p DEHP\nBevat minder dan 0,1% w/w DEHP"
    },
    {
        "image_file": "page_2/vector_symbol_2_421.png",
        "description": "Keep dry\nVor Nässe schützen\nMantener seco\nConserver au sec\nTenere all'asciutto\nDroog houden"
    },
    {
        "image_file": "page_2/vector_symbol_2_422.png",
        "description": "Keep away from Sunlight\nVor Sonnenlicht schützen\nMantener alejado de la luz solar\nConserver à l’abri de la lumière du soleil\nTenere al riparo dalla luce del sole\nUit de buurt van zonlicht houden"
    },
    {
        "image_file": "page_2/vector_symbol_2_426.png",
        "description": "Catalogue number\nKatalognummer\nNúmero de catálogo\nRéférence catalogue\nNumero di catalogo\nCatalogusnummer"
    },
    {
        "image_file": "page_2/vector_symbol_2_427.png",
        "description": "Catalogue number\nKatalognummer\nNúmero de catálogo\nRéférence catalogue\nNumero di catalogo\nCatalogusnummer"
    },
    {
        "image_file": "page_2/vector_symbol_2_428.png",
        "description": "Catalogue number\nKatalognummer\nNúmero de catálogo\nRéférence catalogue\nNumero di catalogo\nCatalogusnummer"
    },
    {
        "image_file": "page_2/vector_symbol_2_429.png",
        "description": "Catalogue number\nKatalognummer\nNúmero de catálogo\nRéférence catalogue\nNumero di catalogo\nCatalogusnummer"
    },
    {
        "image_file": "page_2/vector_symbol_2_430.png",
        "description": "Lot Number\nChargennummer\nNúmero de lote\nNuméro de lot\nNumero di lotto\nPartijnummer"
    },
    {
        "image_file": "page_2/vector_symbol_2_432.png",
        "description": "Lot Number\nChargennummer\nNúmero de lote\nNuméro de lot\nNumero di lotto\nPartijnummer"
    },
    {
        "image_file": "page_2/vector_symbol_2_433.png",
        "description": "Lot Number\nChargennummer\nNúmero de lote\nNuméro de lot\nNumero di lotto\nPartijnummer"
    },
    {
        "image_file": "page_2/vector_symbol_2_434.png",
        "description": "Made in Tunisia\nIn Tunesien hergestellt\nFabricado en Túnez\nFabriqué en Tunisie\nProdotto in Tunisia\nGefabriceerd in Tunesië"
    },
    {
        "image_file": "page_2/vector_symbol_2_437.png",
        "description": "Date of Manufacture\nHerstellungsdatum\nFecha de fabricación\nDate de fabrication\nData di produzione\nDatum van fabricage"
    },
    {
        "image_file": "page_2/vector_symbol_2_438.png",
        "description": "Manufacturer\nHersteller\nFabricante\nFabricant\nProduttore\nFabrikant"
    },
    {
        "image_file": "page_2/vector_symbol_2_439.png",
        "description": "Use-by date\nVerfallsdatum\nFecha de caducidad\nDate de péremption\nData di scadenza\nVervaldatum"
    },
    {
        "image_file": "page_2/vector_symbol_2_440.png",
        "description": "Sterilized with Ethylene Oxide Single Sterile Barrier \nSystem"
    },
    {
        "image_file": "page_2/vector_symbol_2_450.png",
        "description": "Sterilized with Ethylene Oxide Single Sterile Barrier \nSystem"
    },
    {
        "image_file": "page_2/vector_symbol_2_451.png",
        "description": "Sterilized with Ethylene Oxide\nSterilisiert mit Ethylenoxid\nEsterilizado con óxido de etileno\nStérilisé à l’oxyde d’éthylène\nSterilizzato con ossido di etilene\nGesteriliseerd met ethyleenoxide"
    },
    {
        "image_file": "page_2/vector_symbol_2_461.png",
        "description": "Indicates the entity importing the medical device into \nthe locale"
    },
    {
        "image_file": "page_2/vector_symbol_2_462.png",
        "description": "MR safe - Poses no known hazards resulting from\nexposure to any MR environment"
    },
    {
        "image_file": "page_2/vector_symbol_2_463.png",
        "description": "MR safe - Poses no known hazards resulting from\nexposure to any MR environment"
    },
    {
        "image_file": "page_2/vector_symbol_2_464.png",
        "description": "MR-sicher – Von dem Produkt gehen keine bekannten \nGefahren infolge der Exposition gegenüber einer MR-\nUmgebung aus."
    }
]